"DESCRIPTION","DURATION IN MS","NAME","PARENT SUITE","START TIME","STATUS","STOP TIME","SUB SUITE","SUITE","TEST CLASS","TEST METHOD"
"","30486","User should be able to add a new employee","webkit","2026-10-01","broken","2026-10-01","OrangeHRM PIM","ui\pim.spec.ts","",""
"","15600","User should not be able to login with invalid credentials","webkit","2026-10-01","passed","2026-10-01","OrangeHRM Login","ui\login.spec.ts","",""
"","20427","User should be able to login with valid credentials","chromium","2026-10-01","passed","2026-10-01","OrangeHRM Login","ui\login.spec.ts","",""
"","16978","User should be able to logout","chromium","2026-10-01","failed","2026-10-01","","ui\logout.spec.ts","",""
"","30356","User should be able to add a new employee","chromium","2026-10-01","broken","2026-10-01","OrangeHRM PIM","ui\pim.spec.ts","",""
"","31380","User should navigate to PIM module","firefox","2026-10-01","broken","2026-10-01","OrangeHRM PIM","ui\pim.spec.ts","",""
"","30548","User should be able to add a new employee","firefox","2026-10-01","broken","2026-10-01","OrangeHRM PIM","ui\pim.spec.ts","",""
"","18557","User should not be able to login with invalid credentials","chromium","2026-10-01","passed","2026-10-01","OrangeHRM Login","ui\login.spec.ts","",""
"","31631","User should be able to login with valid credentials","firefox","2026-10-01","broken","2026-10-01","OrangeHRM Login","ui\login.spec.ts","",""
"","14771","User should be able to logout","webkit","2026-10-01","failed","2026-10-01","","ui\logout.spec.ts","",""
"","28501","User should navigate to PIM module","chromium","2026-10-01","passed","2026-10-01","OrangeHRM PIM","ui\pim.spec.ts","",""
"","35359","User should not be able to login with invalid credentials","firefox","2026-10-01","broken","2026-10-01","OrangeHRM Login","ui\login.spec.ts","",""
"","24092","User should navigate to PIM module","webkit","2026-10-01","passed","2026-10-01","OrangeHRM PIM","ui\pim.spec.ts","",""
"","17452","User should be able to login with valid credentials","webkit","2026-10-01","passed","2026-10-01","OrangeHRM Login","ui\login.spec.ts","",""
"","27974","User should be able to logout","firefox","2026-10-01","failed","2026-10-01","","ui\logout.spec.ts","",""
